"treated_club_id","treated_season","treated_match_no","treated_ppg_prior","treated_ppg_next","treated_position","control_club_id","control_season","control_match_no","control_ppg_prior","control_ppg_next","control_position","match_dist"
533,2012,18,0.50000000000000000000,1.00000000000000000000,16,79,2013,28,0.50000000000000000000,1.3333333333333333,16,0.00000000000000000000
65,2012,23,0.50000000000000000000,0.80000000000000000000,18,23,2013,9,0.50000000000000000000,0.80000000000000000000,18,0.00000000000000000000
533,2012,28,0.80000000000000000000,1.3333333333333333,17,167,2012,21,0.80000000000000000000,1.5000000000000000,17,0.00000000000000000000
79,2013,4,0.00000000000000000000,1.3000000000000000,14,44,2022,2,0.00000000000000000000,1.00000000000000000000,14,0.00000000000000000000
41,2013,6,0.80000000000000000000,1.2000000000000000,16,60,2013,12,0.80000000000000000000,1.00000000000000000000,16,0.00000000000000000000
41,2013,22,0.40000000000000000000,0.80000000000000000000,16,38,2018,15,0.40000000000000000000,1.9000000000000000,16,0.00000000000000000000
15,2013,30,0.80000000000000000000,2.5000000000000000,4,18,2013,26,0.80000000000000000000,1.6250000000000000,5,0.05555555555555555556
41,2014,4,0.33333333333333333333,1.3000000000000000,17,127,2019,4,0.33333333333333333333,0.70000000000000000000,17,0.00000000000000000000
39,2014,22,0.70000000000000000000,1.2000000000000000,11,86,2013,17,0.70000000000000000000,1.00000000000000000000,11,0.00000000000000000000
42,2014,30,0.40000000000000000000,2.0000000000000000,15,89,2023,15,0.40000000000000000000,1.2000000000000000,15,0.00000000000000000000
18,2015,6,0.00000000000000000000,2.3000000000000000,16,79,2012,3,0.00000000000000000000,1.5000000000000000,16,0.00000000000000000000
86,2016,4,0.00000000000000000000,1.4000000000000000,18,23,2013,3,0.00000000000000000000,0.80000000000000000000,18,0.00000000000000000000
167,2016,15,1.00000000000000000000,1.2000000000000000,12,3,2014,14,1.00000000000000000000,1.3000000000000000,12,0.00000000000000000000
105,2016,17,0.30000000000000000000,0.60000000000000000000,18,42,2018,27,0.30000000000000000000,1.00000000000000000000,18,0.00000000000000000000
82,2017,5,1.00000000000000000000,1.3000000000000000,13,39,2012,2,1.00000000000000000000,1.6000000000000000,13,0.00000000000000000000
41,2017,27,0.30000000000000000000,1.8571428571428571,18,42,2018,27,0.30000000000000000000,1.00000000000000000000,18,0.00000000000000000000
3,2017,15,0.30000000000000000000,1.4000000000000000,18,42,2018,27,0.30000000000000000000,1.00000000000000000000,18,0.00000000000000000000
79,2018,8,0.71428571428571428571,0.90000000000000000000,17,60,2014,8,0.71428571428571428571,1.3000000000000000,17,0.00000000000000000000
42,2018,20,0.50000000000000000000,0.40000000000000000000,18,23,2013,9,0.50000000000000000000,0.80000000000000000000,18,0.00000000000000000000
4,2018,22,0.20000000000000000000,0.60000000000000000000,18,42,2015,6,0.20000000000000000000,1.3000000000000000,18,0.00000000000000000000
33,2018,26,0.80000000000000000000,1.2500000000000000,15,38,2012,29,0.80000000000000000000,0.00000000000000000000,15,0.00000000000000000000
79,2018,31,0.60000000000000000000,1.3333333333333333,16,167,2012,19,0.60000000000000000000,1.4000000000000000,16,0.00000000000000000000
44,2019,13,1.00000000000000000000,1.5000000000000000,16,65,2012,5,1.00000000000000000000,0.40000000000000000000,16,0.00000000000000000000
167,2019,26,0.70000000000000000000,1.1250000000000000,14,38,2012,13,0.70000000000000000000,1.3000000000000000,14,0.00000000000000000000
38,2019,20,0.80000000000000000000,1.2000000000000000,17,167,2012,21,0.80000000000000000000,1.5000000000000000,17,0.00000000000000000000
533,2019,31,1.00000000000000000000,3.0000000000000000,7,18,2013,4,1.00000000000000000000,2.2000000000000000,7,0.00000000000000000000
33,2020,24,0.50000000000000000000,0.60000000000000000000,18,23,2013,9,0.50000000000000000000,0.80000000000000000000,18,0.00000000000000000000
33,2020,13,0.40000000000000000000,0.50000000000000000000,18,23,2013,11,0.40000000000000000000,0.80000000000000000000,18,0.00000000000000000000
39,2020,15,0.60000000000000000000,1.5000000000000000,18,167,2012,13,0.60000000000000000000,1.1000000000000000,18,0.00000000000000000000
167,2021,23,1.00000000000000000000,1.3000000000000000,16,65,2012,5,1.00000000000000000000,0.40000000000000000000,16,0.00000000000000000000
167,2021,24,0.90000000000000000000,1.5000000000000000,15,79,2013,31,0.90000000000000000000,0.33333333333333333333,15,0.00000000000000000000
44,2021,27,0.50000000000000000000,1.00000000000000000000,16,79,2013,28,0.50000000000000000000,1.3333333333333333,16,0.00000000000000000000
23826,2022,6,1.00000000000000000000,2.1000000000000000,10,18,2012,7,1.00000000000000000000,1.6000000000000000,10,0.00000000000000000000
80,2022,7,0.00000000000000000000,1.5000000000000000,18,23,2013,3,0.00000000000000000000,0.80000000000000000000,18,0.00000000000000000000
15,2022,9,0.62500000000000000000,1.6000000000000000,15,35,2024,9,0.62500000000000000000,1.2000000000000000,15,0.00000000000000000000
79,2022,10,0.55555555555555555556,0.80000000000000000000,14,80,2023,10,0.55555555555555555556,1.3000000000000000,14,0.00000000000000000000
33,2022,12,0.60000000000000000000,1.00000000000000000000,18,167,2012,13,0.60000000000000000000,1.1000000000000000,18,0.00000000000000000000
79,2022,16,1.00000000000000000000,0.50000000000000000000,16,65,2012,5,1.00000000000000000000,0.40000000000000000000,16,0.00000000000000000000
533,2022,20,0.50000000000000000000,1.00000000000000000000,14,44,2014,5,0.50000000000000000000,1.2000000000000000,14,0.00000000000000000000
44,2022,29,0.80000000000000000000,1.4000000000000000,18,23,2013,13,0.80000000000000000000,0.80000000000000000000,18,0.00000000000000000000
39,2023,10,0.33333333333333333333,0.60000000000000000000,17,127,2019,4,0.33333333333333333333,0.70000000000000000000,17,0.00000000000000000000
89,2023,12,0.30000000000000000000,1.7000000000000000,17,4,2013,33,0.30000000000000000000,0.00000000000000000000,17,0.00000000000000000000
89,2023,13,0.10000000000000000000,1.5000000000000000,15,533,2022,25,0.10000000000000000000,1.5555555555555556,15,0.00000000000000000000
3,2023,17,0.90000000000000000000,0.80000000000000000000,17,10,2020,26,0.90000000000000000000,1.6250000000000000,17,0.00000000000000000000
39,2023,22,0.50000000000000000000,1.4000000000000000,17,79,2012,5,0.50000000000000000000,2.0000000000000000,17,0.00000000000000000000
80,2023,29,0.60000000000000000000,1.2000000000000000,15,38,2012,31,0.60000000000000000000,0.00000000000000000000,15,0.00000000000000000000
80,2024,8,0.14285714285714285714,1.1000000000000000,18,65,2021,8,0.14285714285714285714,0.50000000000000000000,18,0.00000000000000000000
80,2024,10,0.11111111111111111111,1.00000000000000000000,18,65,2021,10,0.11111111111111111111,0.90000000000000000000,18,0.00000000000000000000
533,2024,11,0.90000000000000000000,0.60000000000000000000,13,38,2012,15,0.90000000000000000000,1.00000000000000000000,13,0.00000000000000000000
15,2025,3,0.50000000000000000000,1.9000000000000000,10,23826,2018,3,0.50000000000000000000,2.1000000000000000,10,0.00000000000000000000
82,2025,11,0.80000000000000000000,1.1000000000000000,15,38,2012,29,0.80000000000000000000,0.00000000000000000000,15,0.00000000000000000000
39,2025,13,0.50000000000000000000,1.6000000000000000,18,23,2013,9,0.50000000000000000000,0.80000000000000000000,18,0.00000000000000000000
167,2025,13,0.70000000000000000000,1.5000000000000000,14,38,2012,13,0.70000000000000000000,1.3000000000000000,14,0.00000000000000000000
89,2025,30,0.80000000000000000000,1.7500000000000000,11,533,2013,19,0.80000000000000000000,1.6000000000000000,11,0.00000000000000000000
82,2012,9,0.62500000000000000000,1.4000000000000000,16,167,2012,19,0.60000000000000000000,1.4000000000000000,16,0.02500000000000000000
533,2012,16,0.60000000000000000000,0.80000000000000000000,16,167,2012,19,0.60000000000000000000,1.4000000000000000,16,0.00000000000000000000
65,2012,26,0.60000000000000000000,0.75000000000000000000,18,167,2012,13,0.60000000000000000000,1.1000000000000000,18,0.00000000000000000000
41,2013,7,0.66666666666666666667,1.1000000000000000,16,167,2015,7,0.66666666666666666667,1.5000000000000000,16,0.00000000000000000000
4,2013,9,0.62500000000000000000,1.1000000000000000,16,167,2012,19,0.60000000000000000000,1.4000000000000000,16,0.02500000000000000000
4,2013,10,0.66666666666666666667,1.00000000000000000000,16,167,2015,7,0.66666666666666666667,1.5000000000000000,16,0.00000000000000000000
42,2013,18,0.60000000000000000000,0.80000000000000000000,10,44,2013,31,0.60000000000000000000,1.00000000000000000000,10,0.00000000000000000000
79,2013,25,0.40000000000000000000,1.2222222222222222,17,60,2013,6,0.40000000000000000000,0.80000000000000000000,17,0.00000000000000000000
4,2013,32,0.60000000000000000000,0.00000000000000000000,17,167,2012,15,0.60000000000000000000,1.3000000000000000,17,0.00000000000000000000
86,2014,10,0.44444444444444444444,1.9000000000000000,18,23,2013,10,0.44444444444444444444,0.80000000000000000000,18,0.00000000000000000000
79,2014,13,0.80000000000000000000,0.70000000000000000000,16,60,2013,12,0.80000000000000000000,1.00000000000000000000,16,0.00000000000000000000
44,2014,20,0.70000000000000000000,1.3000000000000000,14,38,2012,13,0.70000000000000000000,1.3000000000000000,14,0.00000000000000000000
41,2014,27,0.90000000000000000000,1.4285714285714286,16,167,2012,23,0.90000000000000000000,1.2000000000000000,16,0.00000000000000000000
41,2014,29,0.80000000000000000000,2.0000000000000000,18,23,2013,13,0.80000000000000000000,0.80000000000000000000,18,0.00000000000000000000
533,2015,11,0.60000000000000000000,0.80000000000000000000,17,167,2012,15,0.60000000000000000000,1.3000000000000000,17,0.00000000000000000000
79,2015,14,1.00000000000000000000,1.8000000000000000,17,60,2013,22,1.00000000000000000000,1.8000000000000000,17,0.00000000000000000000
533,2015,21,0.80000000000000000000,1.9000000000000000,17,167,2012,21,0.80000000000000000000,1.5000000000000000,17,0.00000000000000000000
24,2015,26,1.00000000000000000000,1.5000000000000000,16,65,2012,5,1.00000000000000000000,0.40000000000000000000,16,0.00000000000000000000
42,2015,29,0.30000000000000000000,1.4000000000000000,18,42,2018,27,0.30000000000000000000,1.00000000000000000000,18,0.00000000000000000000
41,2016,6,0.20000000000000000000,1.2000000000000000,18,42,2015,6,0.20000000000000000000,1.3000000000000000,18,0.00000000000000000000
82,2016,8,0.85714285714285714286,1.3000000000000000,16,33,2018,8,0.85714285714285714286,1.5000000000000000,16,0.00000000000000000000
4795,2016,11,0.20000000000000000000,1.3000000000000000,17,4,2018,27,0.20000000000000000000,0.42857142857142857143,17,0.00000000000000000000
105,2016,14,0.50000000000000000000,0.70000000000000000000,18,23,2013,9,0.50000000000000000000,0.80000000000000000000,18,0.00000000000000000000
18,2016,17,0.60000000000000000000,1.9000000000000000,14,39,2017,6,0.60000000000000000000,1.00000000000000000000,14,0.00000000000000000000
41,2017,20,0.80000000000000000000,0.60000000000000000000,17,167,2012,21,0.80000000000000000000,1.5000000000000000,17,0.00000000000000000000
79,2017,21,0.70000000000000000000,2.1000000000000000,14,38,2012,13,0.70000000000000000000,1.3000000000000000,14,0.00000000000000000000
82,2017,24,1.00000000000000000000,0.80000000000000000000,15,24,2013,4,1.00000000000000000000,0.80000000000000000000,15,0.00000000000000000000
16,2017,16,0.90000000000000000000,2.0000000000000000,6,33,2012,20,0.90000000000000000000,1.7000000000000000,6,0.00000000000000000000
86,2017,11,0.50000000000000000000,1.5000000000000000,17,79,2012,5,0.50000000000000000000,2.0000000000000000,17,0.00000000000000000000
167,2018,29,1.00000000000000000000,0.80000000000000000000,14,38,2012,11,1.00000000000000000000,1.3000000000000000,14,0.00000000000000000000
39,2019,7,0.50000000000000000000,1.2000000000000000,13,42,2013,30,0.50000000000000000000,2.5000000000000000,13,0.00000000000000000000
39,2019,8,0.85714285714285714286,1.2000000000000000,17,38,2018,7,0.83333333333333333333,1.3000000000000000,17,0.02380952380952380953
3,2019,12,0.70000000000000000000,1.9000000000000000,17,65,2012,11,0.70000000000000000000,0.50000000000000000000,17,0.00000000000000000000
39,2019,12,0.90000000000000000000,1.00000000000000000000,13,38,2012,15,0.90000000000000000000,1.00000000000000000000,13,0.00000000000000000000
33,2020,3,0.00000000000000000000,0.40000000000000000000,18,23,2013,3,0.00000000000000000000,0.80000000000000000000,18,0.00000000000000000000
39,2020,3,0.00000000000000000000,0.60000000000000000000,17,533,2012,2,0.00000000000000000000,1.2000000000000000,17,0.00000000000000000000
3,2020,29,0.80000000000000000000,2.0000000000000000,17,167,2012,21,0.80000000000000000000,1.5000000000000000,17,0.00000000000000000000
39,2020,14,0.60000000000000000000,1.2000000000000000,17,167,2012,15,0.60000000000000000000,1.3000000000000000,17,0.00000000000000000000
33,2020,14,0.40000000000000000000,0.60000000000000000000,18,23,2013,11,0.40000000000000000000,0.80000000000000000000,18,0.00000000000000000000
44,2020,19,1.00000000000000000000,1.00000000000000000000,15,24,2013,4,1.00000000000000000000,0.80000000000000000000,15,0.00000000000000000000
44,2021,28,0.50000000000000000000,1.1666666666666667,17,79,2012,5,0.50000000000000000000,2.0000000000000000,17,0.00000000000000000000
10,2021,31,0.50000000000000000000,0.66666666666666666667,17,79,2012,5,0.50000000000000000000,2.0000000000000000,17,0.00000000000000000000
80,2022,8,0.14285714285714285714,1.5000000000000000,18,65,2021,8,0.14285714285714285714,0.50000000000000000000,18,0.00000000000000000000
33,2022,11,0.60000000000000000000,0.70000000000000000000,18,167,2012,13,0.60000000000000000000,1.1000000000000000,18,0.00000000000000000000
79,2022,27,0.50000000000000000000,1.4285714285714286,16,79,2013,28,0.50000000000000000000,1.3333333333333333,16,0.00000000000000000000
167,2023,8,0.71428571428571428571,1.3000000000000000,10,44,2013,32,0.70000000000000000000,0.00000000000000000000,10,0.01428571428571428571
82,2023,27,0.60000000000000000000,1.2857142857142857,14,39,2017,6,0.60000000000000000000,1.00000000000000000000,14,0.00000000000000000000
89,2024,16,0.80000000000000000000,1.1000000000000000,12,79,2012,29,0.80000000000000000000,1.4000000000000000,12,0.00000000000000000000
18,2025,4,0.33333333333333333333,1.4000000000000000,17,127,2019,4,0.33333333333333333333,0.70000000000000000000,17,0.00000000000000000000
39,2025,14,0.50000000000000000000,1.6000000000000000,18,23,2013,9,0.50000000000000000000,0.80000000000000000000,18,0.00000000000000000000
86,2025,21,0.40000000000000000000,1.3000000000000000,16,41,2013,24,0.40000000000000000000,0.70000000000000000000,16,0.00000000000000000000
24,2025,21,1.00000000000000000000,1.5000000000000000,8,82,2013,4,1.00000000000000000000,1.7000000000000000,8,0.00000000000000000000
82,2025,26,0.50000000000000000000,1.00000000000000000000,17,79,2012,5,0.50000000000000000000,2.0000000000000000,17,0.00000000000000000000
3,2025,28,0.90000000000000000000,0.83333333333333333333,15,79,2013,31,0.90000000000000000000,0.33333333333333333333,15,0.00000000000000000000
